INSERT INTO `citylibrary`.`Library` (`libId`,`city`,`libraryName`) VALUES (1,'Saint Herblain','City');


INSERT INTO `citylibrary`.`Work` (`worksId`,`author`, `bookDescription`, `publicationYear`, `title`, `idlibrary`, `copiesAvailable`, `imageUrl`) VALUES (1,'J.K Rowling', 'Fantasy', 1997, 'Harry Potter and the Philosopher\'s Stone', 1,7,'http://localhost:80/resources/assets/1.jpeg');
INSERT INTO `citylibrary`.`Work` (`worksId`,`author`, `bookDescription`, `publicationYear`, `title`, `idlibrary`, `copiesAvailable`, `imageUrl`) VALUES (2,'J.K Rowling', 'Fantasy', 1998, 'Harry Potter and the Chamber of Secret', 1,4,'http://localhost:80/resources/assets/2.jpeg');
INSERT INTO `citylibrary`.`Work` (`worksId`,`author`, `bookDescription`, `publicationYear`, `title`, `idlibrary`, `copiesAvailable`, `imageUrl`) VALUES (3,'J.K Rowling', 'Fantasy', 1999, 'Harry Potter and the Prisoner of Azkaban', 1,4,'http://localhost:80/resources/assets/3.jpeg');
INSERT INTO `citylibrary`.`Work` (`worksId`,`author`, `bookDescription`, `publicationYear`, `title`, `idlibrary`, `copiesAvailable`, `imageUrl`) VALUES (4,'J.K Rowling', 'Fantasy', 2000, 'Harry Potter and the Goblet of Fire', 1,4,'http://localhost:80/resources/assets/4.jpeg');
INSERT INTO `citylibrary`.`Work` (`worksId`,`author`, `bookDescription`, `publicationYear`, `title`, `idlibrary`, `copiesAvailable`, `imageUrl`) VALUES (5,'J.K Rowling', 'Fantasy', 2003, 'Harry Potter and The Order of the Phoenix', 1,4,'http://localhost:80/resources/assets/5.jpeg');
INSERT INTO `citylibrary`.`Work` (`worksId`,`author`, `bookDescription`, `publicationYear`, `title`, `idlibrary`, `copiesAvailable`, `imageUrl`) VALUES (6,'J.K Rowling', 'Fantasy', 2005, 'Harry Potter and the Half-Blood Prince', 1,4,'http://localhost:80/resources/assets/6.jpeg');
INSERT INTO `citylibrary`.`Work` (`worksId`,`author`, `bookDescription`, `publicationYear`, `title`, `idlibrary`, `copiesAvailable`, `imageUrl`) VALUES (7,'J.K Rowling', 'Fantasy', 2007, 'Harry Potter and the Deathly Hallows',1,5,'http://localhost:80/resources/assets/7.jpeg');
INSERT INTO `citylibrary`.`Work` (`worksId`,`author`, `bookDescription`, `publicationYear`, `title`, `idlibrary`, `copiesAvailable`, `imageUrl`) VALUES (8,'C.S Lewis', 'Fantasy', 1950, 'The Lion, the Witch and the Wardrobe', 1,5,'http://localhost:80/resources/assets/8.jpeg');
INSERT INTO `citylibrary`.`Work` (`worksId`,`author`, `bookDescription`, `publicationYear`, `title`, `idlibrary`, `copiesAvailable`, `imageUrl`) VALUES (9,'C.S Lewis', 'Fantasy', 1951, 'Prince Caspian', 1,5,'http://localhost:80/resources/assets/9.jpeg');
INSERT INTO `citylibrary`.`Work` (`worksId`,`author`, `bookDescription`, `publicationYear`, `title`, `idlibrary`, `copiesAvailable`, `imageUrl`) VALUES (10,'C.S Lewis', 'Fantasy', 1952, 'The Voyage of the Dawn Treader', 1,3,'http://localhost:80/resources/assets/10.jpeg');
INSERT INTO `citylibrary`.`Work` (`worksId`,`author`, `bookDescription`, `publicationYear`, `title`, `idlibrary`, `copiesAvailable`, `imageUrl`) VALUES (11,'C.S Lewis', 'Fantasy', 1953, 'The Silver Chair', 1,3,'http://localhost:80/resources/assets/11.jpeg');
INSERT INTO `citylibrary`.`Work` (`worksId`,`author`, `bookDescription`, `publicationYear`, `title`, `idlibrary`, `copiesAvailable`, `imageUrl`) VALUES (12,'C.S Lewis', 'Fantasy', 1954, 'The Horse and his Boy', 1,4,'http://localhost:80/resources/assets/12.jpeg');
INSERT INTO `citylibrary`.`Work` (`worksId`,`author`, `bookDescription`, `publicationYear`, `title`, `idlibrary`, `copiesAvailable`, `imageUrl`) VALUES (13,'C.S Lewis', 'Fantasy', 1955, 'The Magician\'s Nephew', 1,3,'http://localhost:80/resources/assets/13.jpeg');
INSERT INTO `citylibrary`.`Work` (`worksId`,`author`, `bookDescription`, `publicationYear`, `title`, `idlibrary`, `copiesAvailable`, `imageUrl`) VALUES (14,'C.S Lewis', 'Fantasy', 1956, 'The Last Battle', 1,4,'http://localhost:80/resources/assets/14.jpeg');
INSERT INTO `citylibrary`.`Work` (`worksId`,`author`, `bookDescription`, `publicationYear`, `title`, `idlibrary`, `copiesAvailable`, `imageUrl`) VALUES (15,'Lemony Snicket', 'Fantasy', 1999, 'The Bad Beginning', 1,3,'http://localhost:80/resources/assets/15.jpeg');
INSERT INTO `citylibrary`.`Work` (`worksId`,`author`, `bookDescription`, `publicationYear`, `title`, `idlibrary`, `copiesAvailable`, `imageUrl`) VALUES (16,'Lemony Snicket', 'Fantasy', 1999, 'The Reptile Room', 1,3,'http://localhost:80/resources/assets/16.jpeg');
INSERT INTO `citylibrary`.`Work` (`worksId`,`author`, `bookDescription`, `publicationYear`, `title`, `idlibrary`, `copiesAvailable`, `imageUrl`) VALUES (17,'Lemony Snicket', 'Fantasy', 2000, 'The Wide Window', 1, 5, 'http://localhost:80/resources/assets/17.jpeg');
INSERT INTO `citylibrary`.`Work` (`worksId`,`author`, `bookDescription`, `publicationYear`, `title`, `idlibrary`, `copiesAvailable`, `imageUrl`) VALUES (18,'Lemony Snicket', 'Fantasy', 2000, 'The Miserable Mill', 1, 2, 'http://localhost:80/resources/assets/18.jpeg');
INSERT INTO `citylibrary`.`Work` (`worksId`,`author`, `bookDescription`, `publicationYear`, `title`, `idlibrary`, `copiesAvailable`, `imageUrl`) VALUES (19,'Sir Arthur Conan Doyle', 'Detective', 1887, 'A Study in Scarlet',1, 3, 'http://localhost:80/resources/assets/19.jpeg');
INSERT INTO `citylibrary`.`Work` (`worksId`,`author`, `bookDescription`, `publicationYear`, `title`, `idlibrary`, `copiesAvailable`, `imageUrl`) VALUES (20,'Sir Arthur Conan Doyle', 'Detective', 1890, 'The Sign of Four', 1, 3, 'http://localhost:80/resources/assets/20.jpeg');
INSERT INTO `citylibrary`.`work` (`worksId`, `author`, `bookDescription`, `copiesAvailable`, `imageUrl`, `publicationYear`, `title`, `idlibrary`) VALUES (21, 'Sir Arthur Conan Doyle', 'Detective ', 4, 'http://localhost:8012/resources/assets/21.jpeg', 1902, 'The Hound of the Baskervilles', 1);





INSERT INTO `citylibrary`.`User` ( `iduser`,`password`, `username`) VALUES (1,'1234lulu', 'georgelulu');
INSERT INTO `citylibrary`.`User` ( `iduser`,`password`, `username`) VALUES (2,'1234charlotte', 'charlottecam');
INSERT INTO `citylibrary`.`User` ( `iduser`,`password`, `username`) VALUES (3,'1234charles', 'charleswales');
INSERT INTO `citylibrary`.`User` ( `iduser`,`password`, `username`) VALUES (4,'1234L.c', 'louiscam');
INSERT INTO `citylibrary`.`User` ( `iduser`,`password`, `username`) VALUES (5,'1234catcat', 'cathcam');
INSERT INTO `citylibrary`.`User` ( `iduser`,`password`, `username`) VALUES (6,'1234willow', 'willcam');


INSERT INTO `citylibrary`.`Member` (`address`, `email`, `firstName`, `lastName`, `iduser`) VALUES ('151 rue carnot Saint Herblain', 'georgelulu.georgelulu@gmail.com', 'George', 'Lukas', 1);
INSERT INTO `citylibrary`.`Member` (`address`, `email`, `firstName`, `lastName`, `iduser`) VALUES ('152 rue mayenne Saint Herblain', 'charlottecamcam@gmail.com', 'Charlotte', 'Cambridge', 2);
INSERT INTO `citylibrary`.`Member` (`address`, `email`, `firstName`, `lastName`, `iduser`) VALUES ('2 rue cotherie Saint Herblain', 'charleswaleswales@gmail.com', 'Charles', 'Wales', 3);
INSERT INTO `citylibrary`.`Member` (`address`, `email`, `firstName`, `lastName`, `iduser`) VALUES ('70 rue palaise Saint Herblain', 'louiscam.louiscam@yahoo.com', 'Louis', 'Cambridge', 4);
INSERT INTO `citylibrary`.`Member` (`address`, `email`, `firstName`, `lastName`, `iduser`) VALUES ('15 rue cremerie Saint Herblain', 'cathcam.cathcam@yahoo.com', 'Catherine', 'Cambridge', 5);
INSERT INTO `citylibrary`.`Member` (`address`, `email`, `firstName`, `lastName`, `iduser`) VALUES ('1 rue nazaire Saint Herblain', 'willcam.willcam@yahoo.com', 'William', 'Cambridge', 6);




INSERT INTO `citylibrary`.`Book` (`bookId`, `isAvailable`, `work_worksId`) VALUES ('hp1a', '1', '1');
INSERT INTO `citylibrary`.`Book` (`bookId`, `isAvailable`, `work_worksId`) VALUES ('hp1', '1', '1');
INSERT INTO `citylibrary`.`Book` (`bookId`, `isAvailable`, `work_worksId`) VALUES ('hp1c', '1', '1');
INSERT INTO `citylibrary`.`Book` (`bookId`, `isAvailable`, `work_worksId`) VALUES ('hp1d', '1', '1');
INSERT INTO `citylibrary`.`book` (`bookId`, `isAvailable`, `work_worksId`) VALUES ('hp1e', '1', '1');
INSERT INTO `citylibrary`.`book` (`bookId`, `isAvailable`, `work_worksId`) VALUES ('hp1f', '1', '1');
INSERT INTO `citylibrary`.`book` (`bookId`, `isAvailable`, `work_worksId`) VALUES ('hp1g', '1', '1');
INSERT INTO `citylibrary`.`book` (`bookId`, `isAvailable`, `work_worksId`) VALUES ('hp2', '1', '2');
INSERT INTO `citylibrary`.`Book` (`bookId`, `isAvailable`, `work_worksId`) VALUES ('hp2a', '1', '2');
INSERT INTO `citylibrary`.`book` (`bookId`, `isAvailable`, `work_worksId`) VALUES ('hp2b', '1', '2');
INSERT INTO `citylibrary`.`Book` (`bookId`, `isAvailable`, `work_worksId`) VALUES ('hp2c', '1', '2');
INSERT INTO `citylibrary`.`Book` (`bookId`, `isAvailable`, `work_worksId`) VALUES ('hp3a', '1','3');
INSERT INTO `citylibrary`.`Book` (`bookId`, `isAvailable`, `work_worksId`) VALUES ('hp3', '1', '3');
INSERT INTO `citylibrary`.`book` (`bookId`, `isAvailable`, `work_worksId`) VALUES ('hp3b', '1', '3');
INSERT INTO `citylibrary`.`Book` (`bookId`, `isAvailable`, `work_worksId`) VALUES ('hp3c', '1', '3');
INSERT INTO `citylibrary`.`Book` (`bookId`, `isAvailable`, `work_worksId`) VALUES ('hp4a', '1', '4');
INSERT INTO `citylibrary`.`Book` (`bookId`, `isAvailable`, `work_worksId`) VALUES ('hp4b', '1', '4');
INSERT INTO `citylibrary`.`Book` (`bookId`, `isAvailable`, `work_worksId`) VALUES ('hp4c', '1','4');
INSERT INTO `citylibrary`.`Book` (`bookId`, `isAvailable`, `work_worksId`) VALUES ('hp4d', '1','4');
INSERT INTO `citylibrary`.`Book` (`bookId`, `isAvailable`, `work_worksId`) VALUES ('hp5a', '1', '5');
INSERT INTO `citylibrary`.`Book` (`bookId`, `isAvailable`, `work_worksId`) VALUES ('hp5', '1', '5');
INSERT INTO `citylibrary`.`Book` (`bookId`, `isAvailable`, `work_worksId`) VALUES ('hp5c', '1', '5');
INSERT INTO `citylibrary`.`Book` (`bookId`, `isAvailable`, `work_worksId`) VALUES ('hp6a', '1', '6');
INSERT INTO `citylibrary`.`book` (`bookId`, `isAvailable`, `work_worksId`) VALUES ('hp6b', '1', '6');
INSERT INTO `citylibrary`.`book` (`bookId`, `isAvailable`, `work_worksId`) VALUES ('hp6c', '1', '6');
INSERT INTO `citylibrary`.`book` (`bookId`, `isAvailable`, `work_worksId`) VALUES ('hp6d', '1', '6');
INSERT INTO `citylibrary`.`Book` (`bookId`, `isAvailable`, `work_worksId`) VALUES ('hp7a', '1', '7');
INSERT INTO `citylibrary`.`Book` (`bookId`, `isAvailable`, `work_worksId`) VALUES ('hp7', '1', '7');
INSERT INTO `citylibrary`.`book` (`bookId`, `isAvailable`, `work_worksId`) VALUES ('hp7b', '1', '7');
INSERT INTO `citylibrary`.`book` (`bookId`, `isAvailable`, `work_worksId`) VALUES ('hp7c', '1', '7');
INSERT INTO `citylibrary`.`book` (`bookId`, `isAvailable`, `work_worksId`) VALUES ('hp7d', '1', '7');
INSERT INTO `citylibrary`.`Book` (`bookId`, `isAvailable`, `work_worksId`) VALUES ('nar1a', '1', '8');
INSERT INTO `citylibrary`.`Book` (`bookId`, `isAvailable`, `work_worksId`) VALUES ('nar1', '1', '8');
INSERT INTO `citylibrary`.`book` (`bookId`, `isAvailable`, `work_worksId`) VALUES ('nar1b', '1', '8');
INSERT INTO `citylibrary`.`book` (`bookId`, `isAvailable`, `work_worksId`) VALUES ('nar1c', '1', '8');
INSERT INTO `citylibrary`.`book` (`bookId`, `isAvailable`, `work_worksId`) VALUES ('nar1d', '1', '8');
INSERT INTO `citylibrary`.`Book` (`bookId`, `isAvailable`, `work_worksId`) VALUES ('nar2a', '1', '9');
INSERT INTO `citylibrary`.`Book` (`bookId`, `isAvailable`, `work_worksId`) VALUES ('nar2', '1', '9');
INSERT INTO `citylibrary`.`book` (`bookId`, `isAvailable`, `work_worksId`) VALUES ('nar2b', '1', '9');
INSERT INTO `citylibrary`.`book` (`bookId`, `isAvailable`, `work_worksId`) VALUES ('nar2c', '1', '9');
INSERT INTO `citylibrary`.`book` (`bookId`, `isAvailable`, `work_worksId`) VALUES ('nar2d', '1', '9');
INSERT INTO `citylibrary`.`Book` (`bookId`, `isAvailable`, `work_worksId`) VALUES ('nar3a', '1', '10');
INSERT INTO `citylibrary`.`Book` (`bookId`, `isAvailable`, `work_worksId`) VALUES ('nar3', '1', '10');
INSERT INTO `citylibrary`.`Book` (`bookId`, `isAvailable`, `work_worksId`) VALUES ('nar3c', '1', '10');
INSERT INTO `citylibrary`.`Book` (`bookId`, `isAvailable`, `work_worksId`) VALUES ('nar4a', '1', '11');
INSERT INTO `citylibrary`.`book` (`bookId`, `isAvailable`, `work_worksId`) VALUES ('nar4b', '1', '11');
INSERT INTO `citylibrary`.`book` (`bookId`, `isAvailable`, `work_worksId`) VALUES ('nar4c', '1', '11');
INSERT INTO `citylibrary`.`Book` (`bookId`, `isAvailable`, `work_worksId`) VALUES ('nar5a', '1', '12');
INSERT INTO `citylibrary`.`Book` (`bookId`, `isAvailable`, `work_worksId`) VALUES ('nar5', '1', '12');
INSERT INTO `citylibrary`.`Book` (`bookId`, `isAvailable`, `work_worksId`) VALUES ('nar5c', '1', '12');
INSERT INTO `citylibrary`.`Book` (`bookId`, `isAvailable`, `work_worksId`) VALUES ('nar5d', '1', '12');
INSERT INTO `citylibrary`.`Book` (`bookId`, `isAvailable`, `work_worksId`) VALUES ('nar6a', '1', '13');
INSERT INTO `citylibrary`.`Book` (`bookId`, `isAvailable`, `work_worksId`) VALUES ('nar6', '1', '13');
INSERT INTO `citylibrary`.`Book` (`bookId`, `isAvailable`, `work_worksId`) VALUES ('nar6c', '1', '13');
INSERT INTO `citylibrary`.`Book` (`bookId`, `isAvailable`, `work_worksId`) VALUES ('nar7a', '1', '14');
INSERT INTO `citylibrary`.`Book` (`bookId`, `isAvailable`, `work_worksId`) VALUES ('nar7', '1', '14');
INSERT INTO `citylibrary`.`Book` (`bookId`, `isAvailable`, `work_worksId`) VALUES ('nar7b', '1', '14');
INSERT INTO `citylibrary`.`Book` (`bookId`, `isAvailable`, `work_worksId`) VALUES ('nar7c', '1', '14');
INSERT INTO `citylibrary`.`Book` (`bookId`, `isAvailable`, `work_worksId`) VALUES ('un1', '1', '15');
INSERT INTO `citylibrary`.`Book` (`bookId`, `isAvailable`, `work_worksId`) VALUES ('un1a', '1', '15');
INSERT INTO `citylibrary`.`Book` (`bookId`, `isAvailable`, `work_worksId`) VALUES ('un1b', '1', '15');
INSERT INTO `citylibrary`.`Book` (`bookId`, `isAvailable`, `work_worksId`) VALUES ('un2', '1', '16');
INSERT INTO `citylibrary`.`book` (`bookId`, `isAvailable`, `work_worksId`) VALUES ('un2a', '1', '16');
INSERT INTO `citylibrary`.`book` (`bookId`, `isAvailable`, `work_worksId`) VALUES ('un2b', '1', '16');
INSERT INTO `citylibrary`.`Book` (`bookId`, `isAvailable`, `work_worksId`) VALUES ('un3a', '1','17');
INSERT INTO `citylibrary`.`Book` (`bookId`, `isAvailable`, `work_worksId`) VALUES ('un3', '1','17');
INSERT INTO `citylibrary`.`Book` (`bookId`, `isAvailable`, `work_worksId`) VALUES ('un3c', '1','17');
INSERT INTO `citylibrary`.`Book` (`bookId`, `isAvailable`, `work_worksId`) VALUES ('un3d', '1','17');
INSERT INTO `citylibrary`.`Book` (`bookId`, `isAvailable`, `work_worksId`) VALUES ('un3e', '1','17');
INSERT INTO `citylibrary`.`Book` (`bookId`, `isAvailable`, `work_worksId`) VALUES ('un4a', '1', '18');
INSERT INTO `citylibrary`.`Book` (`bookId`, `isAvailable`, `work_worksId`) VALUES ('un4', '1', '18');
INSERT INTO `citylibrary`.`Book` (`bookId`, `isAvailable`, `work_worksId`) VALUES ('sh1a', '1', '19');
INSERT INTO `citylibrary`.`Book` (`bookId`, `isAvailable`, `work_worksId`) VALUES ('sh1', '1', '19');
INSERT INTO `citylibrary`.`Book` (`bookId`, `isAvailable`, `work_worksId`) VALUES ('sh1c', '1', '19');
INSERT INTO `citylibrary`.`Book` (`bookId`, `isAvailable`, `work_worksId`) VALUES ('sh2a', '1', '20');
INSERT INTO `citylibrary`.`Book` (`bookId`, `isAvailable`, `work_worksId`) VALUES ('sh2', '1', '20');
INSERT INTO `citylibrary`.`Book` (`bookId`, `isAvailable`, `work_worksId`) VALUES ('sh2c', '1', '20');
INSERT INTO `citylibrary`.`book` (`bookId`, `isAvailable`, `work_worksId`) VALUES ('sh3a', '1', '21');
INSERT INTO `citylibrary`.`book` (`bookId`, `isAvailable`, `work_worksId`) VALUES ('sh3b', '1', '21');
INSERT INTO `citylibrary`.`book` (`bookId`, `isAvailable`, `work_worksId`) VALUES ('sh3c', '1', '21');
INSERT INTO `citylibrary`.`book` (`bookId`, `isAvailable`, `work_worksId`) VALUES ('sh3d', '1', '21');












INSERT INTO `citylibrary`.`borrowing` (`idborrow`, `isExtended`, `issueDate`, `returnDate`, `status`, `book_bookId`, `member_iduser`) VALUES
(1, '0', '2019-03-18 09:54:26.382000', '2019-04-18 09:54:26.382000', 'ongoing', 'hp2a', 1),
(2, '0', '2019-03-18 09:54:29.618000', '2019-04-18 09:54:29.618000', 'ongoing', 'sh2c', 1),
(3, '0', '2019-03-12 09:54:32.396000', '2019-04-12 09:54:32.396000', 'ongoing', 'nar1a', 1),
(4, '0', '2019-03-08 09:54:36.455000', '2019-04-08 09:54:36.455000', 'ongoing', 'un3e', 1),
(5, '0', '2019-03-13 09:54:46.027000', '2019-04-13 09:54:46.027000', 'ongoing', 'nar3c', 3),
(6, '0', '2019-03-08 09:54:48.713000', '2019-04-08 09:54:48.713000', 'ongoing', 'hp1d', 3),
(7, '0', '2019-03-22 09:54:51.529000', '2019-04-22 09:54:51.529000', 'ongoing', 'sh2', 3),
(8, '0', '2018-03-15 09:54:56.797000', '2019-04-15 09:54:56.797000', 'ongoing', 'nar1', 3),
(9, '0', '2019-03-08 09:55:21.672000', '2019-04-08 09:55:21.672000', 'ongoing', 'hp3c', 5),
(10, '0', '2019-03-08 09:55:29.465000', '2019-04-08 09:55:29.465000', 'ongoing', 'nar2a', 5),
(11, '0', '2018-03-13 09:55:32.774000', '2019-04-13 09:55:32.774000', 'ongoing', 'un3d', 5),
(12, '0', '2019-03-08 09:56:34.054000', '2019-04-08 09:56:34.054000', 'ongoing', 'nar2', 6),
(13, '0', '2019-03-11 09:56:37.130000', '2019-04-11 09:56:37.130000', 'ongoing', 'sh2a', 6),
(14, '0', '2019-03-08 09:56:39.504000', '2019-04-08 09:56:39.504000', 'ongoing', 'nar3a', 6);

UPDATE `citylibrary`.`book` SET `isAvailable` = '0', `borrowing_idborrow` = '1' WHERE (`bookId` = 'hp2a');
UPDATE `citylibrary`.`book` SET `isAvailable` = '0', `borrowing_idborrow` = '2' WHERE (`bookId` = 'sh2c');
UPDATE `citylibrary`.`book` SET `isAvailable` = '0', `borrowing_idborrow` = '3' WHERE (`bookId` = 'nar1a');
UPDATE `citylibrary`.`book` SET `isAvailable` = '0', `borrowing_idborrow` = '4' WHERE (`bookId` = 'un3e');
UPDATE `citylibrary`.`book` SET `isAvailable` = '0', `borrowing_idborrow` = '5' WHERE (`bookId` = 'nar3c');
UPDATE `citylibrary`.`book` SET `isAvailable` = '0', `borrowing_idborrow` = '6' WHERE (`bookId` = 'hp1d');
UPDATE `citylibrary`.`book` SET `isAvailable` = '0', `borrowing_idborrow` = '7' WHERE (`bookId` = 'sh2');
UPDATE `citylibrary`.`book` SET `isAvailable` = '0', `borrowing_idborrow` = '8' WHERE (`bookId` = 'nar1');
UPDATE `citylibrary`.`book` SET `isAvailable` = '0', `borrowing_idborrow` = '9' WHERE (`bookId` = 'hp3c');
UPDATE `citylibrary`.`book` SET `isAvailable` = '0', `borrowing_idborrow` = '10' WHERE (`bookId` = 'nar2a');
UPDATE `citylibrary`.`book` SET `isAvailable` = '0', `borrowing_idborrow` = '11' WHERE (`bookId` = 'un3d');
UPDATE `citylibrary`.`book` SET `isAvailable` = '0', `borrowing_idborrow` = '12' WHERE (`bookId` = 'nar2');
UPDATE `citylibrary`.`book` SET `isAvailable` = '0', `borrowing_idborrow` = '13' WHERE (`bookId` = 'sh2a');
UPDATE `citylibrary`.`book` SET `isAvailable` = '0', `borrowing_idborrow` = '14' WHERE (`bookId` = 'nar3a');
UPDATE `citylibrary`.`work` SET `copiesAvailable` = '3' WHERE (`worksId` = '2');
UPDATE `citylibrary`.`work` SET `copiesAvailable` = '1' WHERE (`worksId` = '20');
UPDATE `citylibrary`.`work` SET `copiesAvailable` = '3' WHERE (`worksId` = '8');
UPDATE `citylibrary`.`work` SET `copiesAvailable` = '3' WHERE (`worksId` = '17');
UPDATE `citylibrary`.`work` SET `copiesAvailable` = '1' WHERE (`worksId` = '10');
UPDATE `citylibrary`.`work` SET `copiesAvailable` = '6' WHERE (`worksId` = '1');
UPDATE `citylibrary`.`work` SET `copiesAvailable` = '3' WHERE (`worksId` = '3');
UPDATE `citylibrary`.`work` SET `copiesAvailable` = '2' WHERE (`worksId` = '9');



UPDATE `seq_borrow` SET `next_val`=15 WHERE 1;
UPDATE `seq_works` SET `next_val`=22 WHERE 1;
UPDATE `seq_user` SET `next_val`=7 WHERE 1;
UPDATE `seq_session` SET `next_val`=1 WHERE 3;
